Steg_Algorithm,Steg_Present,Steg_Signature
/home/ts424/Desktop/jmod/001.jpg  - MCrypt Steganography,Steganography Present,27272069643d2757354d304d7043656869487a7265537a4e54637a6b6339
/home/ts424/Desktop/jmod/002.jpg  - MCrypt Steganography,Steganography Present,27272069643d2757354d304d7043656869487a7265537a4e54637a6b6339
/home/ts424/Desktop/jmod/003.jpg  - MCrypt Steganography,Steganography Present,27272069643d2757354d304d7043656869487a7265537a4e54637a6b6339
/home/ts424/Desktop/jmod/004.jpg  - MCrypt Steganography,Steganography Present,27272069643d2757354d304d7043656869487a7265537a4e54637a6b6339
/home/ts424/Desktop/jmod/005.jpg  - MCrypt Steganography,Steganography Present,27272069643d2757354d304d7043656869487a7265537a4e54637a6b6339
/home/ts424/Desktop/jmod/006.jpg  - MCrypt Steganography,Steganography Present,27272069643d2757354d304d7043656869487a7265537a4e54637a6b6339
/home/ts424/Desktop/jmod/007.jpg  - MCrypt Steganography,Steganography Present,27272069643d2757354d304d7043656869487a7265537a4e54637a6b6339
/home/ts424/Desktop/jmod/008.jpg  - MCrypt Steganography,Steganography Present,27272069643d2757354d304d7043656869487a7265537a4e54637a6b6339
/home/ts424/Desktop/jmod/009.jpg  - MCrypt Steganography,Steganography Present,27272069643d2757354d304d7043656869487a7265537a4e54637a6b6339
/home/ts424/Desktop/jmod/010.jpg  - MCrypt Steganography,Steganography Present,27272069643d2757354d304d7043656869487a7265537a4e54637a6b6339
/home/ts424/Desktop/jmod/011.jpg  - MCrypt Steganography,Steganography Present,27272069643d2757354d304d7043656869487a7265537a4e54637a6b6339
/home/ts424/Desktop/jmod/012.jpg  - MCrypt Steganography,Steganography Present,27272069643d2757354d304d7043656869487a7265537a4e54637a6b6339
/home/ts424/Desktop/jmod/013.jpg  - MCrypt Steganography,Steganography Present,27272069643d2757354d304d7043656869487a7265537a4e54637a6b6339
/home/ts424/Desktop/jmod/014.jpg  - MCrypt Steganography,Steganography Present,27272069643d2757354d304d7043656869487a7265537a4e54637a6b6339
/home/ts424/Desktop/jmod/015.jpg  - MCrypt Steganography,Steganography Present,27272069643d2757354d304d7043656869487a7265537a4e54637a6b6339
/home/ts424/Desktop/jmod/016.jpg  - MCrypt Steganography,Steganography Present,27272069643d2757354d304d7043656869487a7265537a4e54637a6b6339
/home/ts424/Desktop/jmod/017.jpg  - MCrypt Steganography,Steganography Present,27272069643d2757354d304d7043656869487a7265537a4e54637a6b6339
/home/ts424/Desktop/jmod/018.jpg  - MCrypt Steganography,Steganography Present,27272069643d2757354d304d7043656869487a7265537a4e54637a6b6339
/home/ts424/Desktop/jmod/019.jpg  - MCrypt Steganography,Steganography Present,27272069643d2757354d304d7043656869487a7265537a4e54637a6b6339
/home/ts424/Desktop/jmod/020.jpg  - MCrypt Steganography,Steganography Present,27272069643d2757354d304d7043656869487a7265537a4e54637a6b6339
/home/ts424/Desktop/jmod/021.jpg  - MCrypt Steganography,Steganography Present,27272069643d2757354d304d7043656869487a7265537a4e54637a6b6339
/home/ts424/Desktop/jmod/022.jpg  - MCrypt Steganography,Steganography Present,27272069643d2757354d304d7043656869487a7265537a4e54637a6b6339
/home/ts424/Desktop/jmod/023.jpg  - MCrypt Steganography,Steganography Present,27272069643d2757354d304d7043656869487a7265537a4e54637a6b6339
/home/ts424/Desktop/jmod/024.jpg  - MCrypt Steganography,Steganography Present,27272069643d2757354d304d7043656869487a7265537a4e54637a6b6339
/home/ts424/Desktop/jmod/025.jpg  - MCrypt Steganography,Steganography Present,27272069643d2757354d304d7043656869487a7265537a4e54637a6b6339
/home/ts424/Desktop/jmod/026.jpg  - MCrypt Steganography,Steganography Present,27272069643d2757354d304d7043656869487a7265537a4e54637a6b6339
/home/ts424/Desktop/jmod/027.jpg  - MCrypt Steganography,Steganography Present,27272069643d2757354d304d7043656869487a7265537a4e54637a6b6339
/home/ts424/Desktop/jmod/028.jpg  - MCrypt Steganography,Steganography Present,27272069643d2757354d304d7043656869487a7265537a4e54637a6b6339
/home/ts424/Desktop/jmod/029.jpg  - MCrypt Steganography,Steganography Present,27272069643d2757354d304d7043656869487a7265537a4e54637a6b6339
/home/ts424/Desktop/jmod/030.jpg  - MCrypt Steganography,Steganography Present,27272069643d2757354d304d7043656869487a7265537a4e54637a6b6339
/home/ts424/Desktop/jmod/031.jpg  - MCrypt Steganography,Steganography Present,27272069643d2757354d304d7043656869487a7265537a4e54637a6b6339
/home/ts424/Desktop/jmod/032.jpg  - MCrypt Steganography,Steganography Present,27272069643d2757354d304d7043656869487a7265537a4e54637a6b6339
/home/ts424/Desktop/jmod/033.jpg  - MCrypt Steganography,Steganography Present,27272069643d2757354d304d7043656869487a7265537a4e54637a6b6339
/home/ts424/Desktop/jmod/034.jpg  - MCrypt Steganography,Steganography Present,27272069643d2757354d304d7043656869487a7265537a4e54637a6b6339
/home/ts424/Desktop/jmod/035.jpg  - MCrypt Steganography,Steganography Present,27272069643d2757354d304d7043656869487a7265537a4e54637a6b6339
/home/ts424/Desktop/jmod/036.jpg  - MCrypt Steganography,Steganography Present,27272069643d2757354d304d7043656869487a7265537a4e54637a6b6339
/home/ts424/Desktop/jmod/037.jpg  - MCrypt Steganography,Steganography Present,27272069643d2757354d304d7043656869487a7265537a4e54637a6b6339
/home/ts424/Desktop/jmod/038.jpg  - MCrypt Steganography,Steganography Present,27272069643d2757354d304d7043656869487a7265537a4e54637a6b6339
/home/ts424/Desktop/jmod/039.jpg  - MCrypt Steganography,Steganography Present,27272069643d2757354d304d7043656869487a7265537a4e54637a6b6339
/home/ts424/Desktop/jmod/040.jpg  - MCrypt Steganography,Steganography Present,27272069643d2757354d304d7043656869487a7265537a4e54637a6b6339
/home/ts424/Desktop/jmod/041.jpg  - MCrypt Steganography,Steganography Present,27272069643d2757354d304d7043656869487a7265537a4e54637a6b6339
/home/ts424/Desktop/jmod/042.jpg  - MCrypt Steganography,Steganography Present,27272069643d2757354d304d7043656869487a7265537a4e54637a6b6339
/home/ts424/Desktop/jmod/043.jpg  - MCrypt Steganography,Steganography Present,27272069643d2757354d304d7043656869487a7265537a4e54637a6b6339
/home/ts424/Desktop/jmod/044.jpg  - MCrypt Steganography,Steganography Present,27272069643d2757354d304d7043656869487a7265537a4e54637a6b6339
/home/ts424/Desktop/jmod/045.jpg  - MCrypt Steganography,Steganography Present,27272069643d2757354d304d7043656869487a7265537a4e54637a6b6339
/home/ts424/Desktop/jmod/046.jpg  - MCrypt Steganography,Steganography Present,27272069643d2757354d304d7043656869487a7265537a4e54637a6b6339
/home/ts424/Desktop/jmod/047.jpg  - MCrypt Steganography,Steganography Present,27272069643d2757354d304d7043656869487a7265537a4e54637a6b6339
/home/ts424/Desktop/jmod/048.jpg  - MCrypt Steganography,Steganography Present,27272069643d2757354d304d7043656869487a7265537a4e54637a6b6339
/home/ts424/Desktop/jmod/049.jpg  - MCrypt Steganography,Steganography Present,27272069643d2757354d304d7043656869487a7265537a4e54637a6b6339
/home/ts424/Desktop/jmod/050.jpg  - MCrypt Steganography,Steganography Present,27272069643d2757354d304d7043656869487a7265537a4e54637a6b6339
/home/ts424/Desktop/jmod/051.jpg  - MCrypt Steganography,Steganography Present,27272069643d2757354d304d7043656869487a7265537a4e54637a6b6339
/home/ts424/Desktop/jmod/052.jpg  - MCrypt Steganography,Steganography Present,27272069643d2757354d304d7043656869487a7265537a4e54637a6b6339
/home/ts424/Desktop/jmod/053.jpg  - MCrypt Steganography,Steganography Present,27272069643d2757354d304d7043656869487a7265537a4e54637a6b6339
/home/ts424/Desktop/jmod/054.jpg  - MCrypt Steganography,Steganography Present,27272069643d2757354d304d7043656869487a7265537a4e54637a6b6339
/home/ts424/Desktop/jmod/055.jpg  - MCrypt Steganography,Steganography Present,27272069643d2757354d304d7043656869487a7265537a4e54637a6b6339
/home/ts424/Desktop/jmod/056.jpg  - MCrypt Steganography,Steganography Present,27272069643d2757354d304d7043656869487a7265537a4e54637a6b6339
/home/ts424/Desktop/jmod/057.jpg  - MCrypt Steganography,Steganography Present,27272069643d2757354d304d7043656869487a7265537a4e54637a6b6339
/home/ts424/Desktop/jmod/058.jpg  - MCrypt Steganography,Steganography Present,27272069643d2757354d304d7043656869487a7265537a4e54637a6b6339
/home/ts424/Desktop/jmod/059.jpg  - MCrypt Steganography,Steganography Present,27272069643d2757354d304d7043656869487a7265537a4e54637a6b6339
/home/ts424/Desktop/jmod/060.jpg  - MCrypt Steganography,Steganography Present,27272069643d2757354d304d7043656869487a7265537a4e54637a6b6339
/home/ts424/Desktop/jmod/061.jpg  - MCrypt Steganography,Steganography Present,27272069643d2757354d304d7043656869487a7265537a4e54637a6b6339
/home/ts424/Desktop/jmod/062.jpg  - MCrypt Steganography,Steganography Present,27272069643d2757354d304d7043656869487a7265537a4e54637a6b6339
/home/ts424/Desktop/jmod/063.jpg  - MCrypt Steganography,Steganography Present,27272069643d2757354d304d7043656869487a7265537a4e54637a6b6339
/home/ts424/Desktop/jmod/064.jpg  - MCrypt Steganography,Steganography Present,27272069643d2757354d304d7043656869487a7265537a4e54637a6b6339
/home/ts424/Desktop/jmod/065.jpg  - MCrypt Steganography,Steganography Present,27272069643d2757354d304d7043656869487a7265537a4e54637a6b6339
/home/ts424/Desktop/jmod/066.jpg  - MCrypt Steganography,Steganography Present,27272069643d2757354d304d7043656869487a7265537a4e54637a6b6339
/home/ts424/Desktop/jmod/067.jpg  - MCrypt Steganography,Steganography Present,27272069643d2757354d304d7043656869487a7265537a4e54637a6b6339
/home/ts424/Desktop/jmod/068.jpg  - MCrypt Steganography,Steganography Present,27272069643d2757354d304d7043656869487a7265537a4e54637a6b6339
/home/ts424/Desktop/jmod/069.jpg  - MCrypt Steganography,Steganography Present,27272069643d2757354d304d7043656869487a7265537a4e54637a6b6339
/home/ts424/Desktop/jmod/070.jpg  - MCrypt Steganography,Steganography Present,27272069643d2757354d304d7043656869487a7265537a4e54637a6b6339
/home/ts424/Desktop/jmod/071.jpg  - MCrypt Steganography,Steganography Present,27272069643d2757354d304d7043656869487a7265537a4e54637a6b6339
/home/ts424/Desktop/jmod/072.jpg  - MCrypt Steganography,Steganography Present,27272069643d2757354d304d7043656869487a7265537a4e54637a6b6339
/home/ts424/Desktop/jmod/073.jpg  - MCrypt Steganography,Steganography Present,27272069643d2757354d304d7043656869487a7265537a4e54637a6b6339
/home/ts424/Desktop/jmod/074.jpg  - MCrypt Steganography,Steganography Present,27272069643d2757354d304d7043656869487a7265537a4e54637a6b6339
/home/ts424/Desktop/jmod/075.jpg  - MCrypt Steganography,Steganography Present,27272069643d2757354d304d7043656869487a7265537a4e54637a6b6339
/home/ts424/Desktop/jmod/076.jpg  - MCrypt Steganography,Steganography Present,27272069643d2757354d304d7043656869487a7265537a4e54637a6b6339
/home/ts424/Desktop/jmod/077.jpg  - MCrypt Steganography,Steganography Present,27272069643d2757354d304d7043656869487a7265537a4e54637a6b6339
/home/ts424/Desktop/jmod/078.jpg  - MCrypt Steganography,Steganography Present,27272069643d2757354d304d7043656869487a7265537a4e54637a6b6339
/home/ts424/Desktop/jmod/079.jpg  - MCrypt Steganography,Steganography Present,27272069643d2757354d304d7043656869487a7265537a4e54637a6b6339
/home/ts424/Desktop/jmod/080.jpg  - MCrypt Steganography,Steganography Present,27272069643d2757354d304d7043656869487a7265537a4e54637a6b6339
/home/ts424/Desktop/jmod/081.jpg  - MCrypt Steganography,Steganography Present,27272069643d2757354d304d7043656869487a7265537a4e54637a6b6339
/home/ts424/Desktop/jmod/082.jpg  - MCrypt Steganography,Steganography Present,27272069643d2757354d304d7043656869487a7265537a4e54637a6b6339
/home/ts424/Desktop/jmod/083.jpg  - MCrypt Steganography,Steganography Present,27272069643d2757354d304d7043656869487a7265537a4e54637a6b6339
/home/ts424/Desktop/jmod/084.jpg  - MCrypt Steganography,Steganography Present,27272069643d2757354d304d7043656869487a7265537a4e54637a6b6339
/home/ts424/Desktop/jmod/085.jpg  - MCrypt Steganography,Steganography Present,27272069643d2757354d304d7043656869487a7265537a4e54637a6b6339
/home/ts424/Desktop/jmod/086.jpg  - MCrypt Steganography,Steganography Present,27272069643d2757354d304d7043656869487a7265537a4e54637a6b6339
/home/ts424/Desktop/jmod/087.jpg  - MCrypt Steganography,Steganography Present,27272069643d2757354d304d7043656869487a7265537a4e54637a6b6339
/home/ts424/Desktop/jmod/088.jpg  - MCrypt Steganography,Steganography Present,27272069643d2757354d304d7043656869487a7265537a4e54637a6b6339
/home/ts424/Desktop/jmod/089.jpg  - MCrypt Steganography,Steganography Present,27272069643d2757354d304d7043656869487a7265537a4e54637a6b6339
/home/ts424/Desktop/jmod/090.jpg  - MCrypt Steganography,Steganography Present,27272069643d2757354d304d7043656869487a7265537a4e54637a6b6339
/home/ts424/Desktop/jmod/091.jpg  - MCrypt Steganography,Steganography Present,27272069643d2757354d304d7043656869487a7265537a4e54637a6b6339
/home/ts424/Desktop/jmod/092.jpg  - MCrypt Steganography,Steganography Present,27272069643d2757354d304d7043656869487a7265537a4e54637a6b6339
/home/ts424/Desktop/jmod/093.jpg  - MCrypt Steganography,Steganography Present,27272069643d2757354d304d7043656869487a7265537a4e54637a6b6339
/home/ts424/Desktop/jmod/094.jpg  - MCrypt Steganography,Steganography Present,27272069643d2757354d304d7043656869487a7265537a4e54637a6b6339
/home/ts424/Desktop/jmod/095.jpg  - MCrypt Steganography,Steganography Present,27272069643d2757354d304d7043656869487a7265537a4e54637a6b6339
/home/ts424/Desktop/jmod/096.jpg  - MCrypt Steganography,Steganography Present,27272069643d2757354d304d7043656869487a7265537a4e54637a6b6339
/home/ts424/Desktop/jmod/097.jpg  - MCrypt Steganography,Steganography Present,27272069643d2757354d304d7043656869487a7265537a4e54637a6b6339
/home/ts424/Desktop/jmod/098.jpg  - MCrypt Steganography,Steganography Present,27272069643d2757354d304d7043656869487a7265537a4e54637a6b6339
/home/ts424/Desktop/jmod/099.jpg  - MCrypt Steganography,Steganography Present,27272069643d2757354d304d7043656869487a7265537a4e54637a6b6339
/home/ts424/Desktop/jmod/100.jpg  - MCrypt Steganography,Steganography Present,27272069643d2757354d304d7043656869487a7265537a4e54637a6b6339
/home/ts424/Desktop/jmod/Fake1.jpg  - No steganography found,No Present,/home/ts424/Desktop/jmod/Fake1.jpg  - No signature
/home/ts424/Desktop/jmod/Fake2.jpg  - No steganography found,No Present,/home/ts424/Desktop/jmod/Fake2.jpg  - No signature
/home/ts424/Desktop/jmod/Fake3.jpg  - No steganography found,No Present,/home/ts424/Desktop/jmod/Fake3.jpg  - No signature
